city,year,month,monthly_tmax
Darwin,2005,1,31.23
Darwin,2005,2,31.08
Darwin,2005,3,31.24
Darwin,2005,4,32.56
Darwin,2005,5,31.65
Darwin,2005,6,30.7
Darwin,2005,7,31.2
Darwin,2005,8,31.28
Darwin,2005,9,32.87
Darwin,2005,10,34.05
Darwin,2005,11,32.72
Darwin,2005,12,32.05
Darwin,2006,1,29.73
Darwin,2006,2,31.15
Darwin,2006,3,29.31
Darwin,2006,4,29.87
Darwin,2006,5,30.02
Darwin,2006,6,29.32
Darwin,2006,7,29.04
Darwin,2006,8,30.46
Darwin,2006,9,32.76
Darwin,2006,10,33.69
Darwin,2006,11,33.85
Darwin,2006,12,33.15
Darwin,2007,1,30.66
Darwin,2007,2,30.78
Darwin,2007,3,29.6
Darwin,2007,4,31.85
Darwin,2007,5,32.63
Darwin,2007,6,29.25
Darwin,2007,7,28.96
Darwin,2007,8,30.75
Darwin,2007,9,33.38
Darwin,2007,10,33.93
Darwin,2007,11,32.26
Darwin,2007,12,31.7
Darwin,2008,1,30.26
Darwin,2008,2,29.04
Darwin,2008,3,30.75
Darwin,2008,4,32.27
Darwin,2008,5,31.59
Darwin,2008,6,30.51
Darwin,2008,7,30.39
Darwin,2008,8,31.61
Darwin,2008,9,33.56
Darwin,2008,10,34.62
Darwin,2008,11,33.35
Darwin,2008,12,30.6
Darwin,2009,1,30.05
Darwin,2009,2,29.44
Darwin,2009,3,31.89
Darwin,2009,4,32.98
Darwin,2009,5,31.95
Darwin,2009,6,30.83
Darwin,2009,7,30.45
Darwin,2009,8,31.45
Darwin,2009,9,33.51
Darwin,2009,10,34.69
Darwin,2009,11,33.63
Darwin,2009,12,31.09
Darwin,2010,1,29.79
Darwin,2010,2,30.86
Darwin,2010,3,31.9
Darwin,2010,4,31.07
Darwin,2010,5,31.6
Darwin,2010,6,30.41
Darwin,2010,7,31.61
Darwin,2010,8,32.25
Darwin,2010,9,33.58
Darwin,2010,10,32.16
Darwin,2010,11,32.04
Darwin,2010,12,30.28
Darwin,2011,1,29.51
Darwin,2011,2,28.96
Darwin,2011,3,29.26
Darwin,2011,4,29.91
Darwin,2011,5,30.04
Darwin,2011,6,27.96
Darwin,2011,7,30.06
Darwin,2011,8,30.9
Darwin,2011,9,32.62
Darwin,2011,10,33.58
Darwin,2011,11,32.05
Darwin,2011,12,31.39
Darwin,2012,1,30.68
Darwin,2012,2,30.86
Darwin,2012,3,30.21
Darwin,2012,4,31.61
Darwin,2012,5,30.5
Darwin,2012,6,28.89
Darwin,2012,7,29.66
Darwin,2012,8,30.85
Darwin,2012,9,33.41
Darwin,2012,10,33.66
Darwin,2012,11,33.28
Darwin,2012,12,32.61
Darwin,2013,1,30.99
Darwin,2013,2,31.25
Darwin,2013,3,30.54
Darwin,2013,4,32.54
Darwin,2013,5,31.81
Darwin,2013,6,30.66
Darwin,2013,7,30.74
Darwin,2013,8,31.58
Darwin,2013,9,32.92
Darwin,2013,10,33.97
Darwin,2013,11,32.34
Darwin,2013,12,31.57
Darwin,2014,1,29.97
Darwin,2014,2,29.49
Darwin,2014,3,31.51
Darwin,2014,4,31.38
Darwin,2014,5,31.46
Darwin,2014,6,30.48
Darwin,2014,7,30.1
Darwin,2014,8,31.09
Darwin,2014,9,33.3
Darwin,2014,10,34.75
Darwin,2014,11,33.93
Darwin,2014,12,32.04
Darwin,2015,1,29.4
Darwin,2015,2,30.84
Darwin,2015,3,31.66
Darwin,2015,4,32.6
Darwin,2015,5,31.98
Darwin,2015,6,31.27
Darwin,2015,7,30.49
Darwin,2015,8,31.3
Darwin,2015,9,33.27
Darwin,2015,10,34.07
Darwin,2015,11,34.47
Darwin,2015,12,30.58
Darwin,2016,1,31.72
Darwin,2016,2,31.87
Darwin,2016,3,31.78
Darwin,2016,4,33.7
Darwin,2016,5,32.33
Darwin,2016,6,32.24
Darwin,2016,7,30.92
Darwin,2016,8,31.78
Darwin,2016,9,32.42
Darwin,2016,10,33.75
Darwin,2016,11,33.43
Darwin,2016,12,31.49
Darwin,2017,1,29.9
Darwin,2017,2,29.57
Darwin,2017,3,29.82
Darwin,2017,4,30.35
Darwin,2017,5,30.92
Darwin,2017,6,29.59
Darwin,2017,7,30.31
Darwin,2017,8,30.3
Darwin,2017,9,30.65
Darwin,2017,10,30.99
Darwin,2017,11,31.52
Darwin,2017,12,31.31
Darwin,2018,1,29.46
Darwin,2018,2,29.3
Darwin,2018,3,30.65
Darwin,2018,4,31.69
Darwin,2018,5,31.25
Darwin,2018,6,29.55
Darwin,2018,7,29.22
Darwin,2018,8,29.08
Darwin,2018,9,30.19
Darwin,2018,10,31.26
Darwin,2018,11,31.63
Darwin,2018,12,32.35
Darwin,2019,1,30.7
Darwin,2019,2,30.8
Darwin,2019,3,30.69
Darwin,2019,4,31.2
Darwin,2019,5,30.27
Darwin,2019,6,28.58
Darwin,2019,7,28.6
Darwin,2019,8,29.2
Darwin,2019,9,29.81
Darwin,2019,10,31.05
Darwin,2019,11,31.99
Darwin,2019,12,32.58
Darwin,2020,1,30.52
Darwin,2020,2,30.99
Darwin,2020,3,30.61
Darwin,2020,4,31.3
Darwin,2020,5,30.52
Darwin,2020,6,30.43
Darwin,2020,7,29.9
Darwin,2020,8,29.68
Darwin,2020,9,31.08
Darwin,2020,10,30.89
Darwin,2020,11,32.47
Darwin,2020,12,29.91
Darwin,2021,1,29.99
Darwin,2021,2,29.1
Darwin,2021,3,30.2
Darwin,2021,4,30.51
Darwin,2021,5,31.24
Darwin,2021,6,29.62
Darwin,2021,7,29.45
Darwin,2021,8,30.72
Darwin,2021,9,31.24
Darwin,2021,10,31.7
Darwin,2021,11,32.23
Darwin,2021,12,31.15
Darwin,2022,1,30.25
Darwin,2022,2,29.38
Darwin,2022,3,30.43
Darwin,2022,4,30.93
Darwin,2022,5,31.39
Darwin,2022,6,30.11
Darwin,2022,7,27.39
Darwin,2022,8,30.09
Darwin,2022,9,30.46
Darwin,2022,10,30.95
Darwin,2022,11,31.2
Darwin,2022,12,30.54
Darwin,2023,1,29.67
Darwin,2023,2,29.34
Darwin,2023,3,29.71
Darwin,2023,4,30.29
Darwin,2023,5,30.3
Darwin,2023,6,30.17
Darwin,2023,7,29.84
Darwin,2023,8,31.22
Darwin,2023,9,31.2
Darwin,2023,10,32.15
Darwin,2023,11,32.0
Darwin,2023,12,32.32
Darwin,2024,1,29.87
Darwin,2024,2,30.38
Darwin,2024,3,29.98
Darwin,2024,4,32.27
Darwin,2024,5,32.5
Darwin,2024,6,29.96
Darwin,2024,7,29.64
Darwin,2024,8,30.76
Darwin,2024,9,31.93
Darwin,2024,10,32.17
Darwin,2024,11,31.21
Darwin,2024,12,31.46
Brisbane,2005,1,28.65
Brisbane,2005,2,29.25
Brisbane,2005,3,27.26
Brisbane,2005,4,25.35
Brisbane,2005,5,22.88
Brisbane,2005,6,20.04
Brisbane,2005,7,20.25
Brisbane,2005,8,21.13
Brisbane,2005,9,24.09
Brisbane,2005,10,27.6
Brisbane,2005,11,26.7
Brisbane,2005,12,31.7
Brisbane,2006,1,29.45
Brisbane,2006,2,28.88
Brisbane,2006,3,26.16
Brisbane,2006,4,26.01
Brisbane,2006,5,22.62
Brisbane,2006,6,19.47
Brisbane,2006,7,20.01
Brisbane,2006,8,21.84
Brisbane,2006,9,22.3
Brisbane,2006,10,24.79
Brisbane,2006,11,27.05
Brisbane,2006,12,26.68
Brisbane,2007,1,28.22
Brisbane,2007,2,27.49
Brisbane,2007,3,28.42
Brisbane,2007,4,25.99
Brisbane,2007,5,24.27
Brisbane,2007,6,18.74
Brisbane,2007,7,19.57
Brisbane,2007,8,21.72
Brisbane,2007,9,24.22
Brisbane,2007,10,26.69
Brisbane,2007,11,25.23
Brisbane,2007,12,26.66
Brisbane,2008,1,26.98
Brisbane,2008,2,27.03
Brisbane,2008,3,25.61
Brisbane,2008,4,23.54
Brisbane,2008,5,22.36
Brisbane,2008,6,20.96
Brisbane,2008,7,19.16
Brisbane,2008,8,20.37
Brisbane,2008,9,23.42
Brisbane,2008,10,24.76
Brisbane,2008,11,27.08
Brisbane,2008,12,29.51
Brisbane,2009,1,28.03
Brisbane,2009,2,28.28
Brisbane,2009,3,27.16
Brisbane,2009,4,25.19
Brisbane,2009,5,21.48
Brisbane,2009,6,19.76
Brisbane,2009,7,19.53
Brisbane,2009,8,24.48
Brisbane,2009,9,25.78
Brisbane,2009,10,26.78
Brisbane,2009,11,29.48
Brisbane,2009,12,29.19
Brisbane,2010,1,30.19
Brisbane,2010,2,27.81
Brisbane,2010,3,25.76
Brisbane,2010,4,25.35
Brisbane,2010,5,22.1
Brisbane,2010,6,19.84
Brisbane,2010,7,19.76
Brisbane,2010,8,20.22
Brisbane,2010,9,23.03
Brisbane,2010,10,23.14
Brisbane,2010,11,24.61
Brisbane,2010,12,26.25
Brisbane,2011,1,27.4
Brisbane,2011,2,28.53
Brisbane,2011,3,26.85
Brisbane,2011,4,23.97
Brisbane,2011,5,20.99
Brisbane,2011,6,19.32
Brisbane,2011,7,19.64
Brisbane,2011,8,20.72
Brisbane,2011,9,23.62
Brisbane,2011,10,23.86
Brisbane,2011,11,28.58
Brisbane,2011,12,26.09
Brisbane,2012,1,27.22
Brisbane,2012,2,27.73
Brisbane,2012,3,25.96
Brisbane,2012,4,24.48
Brisbane,2012,5,21.74
Brisbane,2012,6,18.88
Brisbane,2012,7,19.24
Brisbane,2012,8,21.55
Brisbane,2012,9,24.06
Brisbane,2012,10,26.73
Brisbane,2012,11,27.1
Brisbane,2012,12,29.26
Brisbane,2013,1,29.39
Brisbane,2013,2,26.48
Brisbane,2013,3,26.33
Brisbane,2013,4,24.43
Brisbane,2013,5,21.45
Brisbane,2013,6,19.39
Brisbane,2013,7,19.83
Brisbane,2013,8,23.07
Brisbane,2013,9,26.23
Brisbane,2013,10,27.65
Brisbane,2013,11,27.39
Brisbane,2013,12,28.25
Brisbane,2014,1,28.76
Brisbane,2014,2,28.65
Brisbane,2014,3,27.15
Brisbane,2014,4,26.18
Brisbane,2014,5,22.8
Brisbane,2014,6,21.4
Brisbane,2014,7,20.75
Brisbane,2014,8,20.33
Brisbane,2014,9,23.12
Brisbane,2014,10,27.27
Brisbane,2014,11,29.41
Brisbane,2014,12,28.66
Brisbane,2015,1,28.5
Brisbane,2015,2,27.0
Brisbane,2015,3,28.61
Brisbane,2015,4,24.51
Brisbane,2015,5,22.73
Brisbane,2015,6,19.97
Brisbane,2015,7,19.22
Brisbane,2015,8,21.7
Brisbane,2015,9,22.56
Brisbane,2015,10,25.36
Brisbane,2015,11,28.15
Brisbane,2015,12,27.32
Brisbane,2016,1,28.46
Brisbane,2016,2,29.58
Brisbane,2016,3,27.72
Brisbane,2016,4,26.21
Brisbane,2016,5,25.36
Brisbane,2016,6,19.66
Brisbane,2016,7,20.76
Brisbane,2016,8,20.94
Brisbane,2016,9,23.23
Brisbane,2016,10,26.25
Brisbane,2016,11,29.29
Brisbane,2016,12,29.95
Brisbane,2017,1,30.4
Brisbane,2017,2,31.53
Brisbane,2017,3,28.74
Brisbane,2017,4,24.91
Brisbane,2017,5,23.46
Brisbane,2017,6,21.56
Brisbane,2017,7,21.85
Brisbane,2017,8,24.24
Brisbane,2017,9,27.5
Brisbane,2017,10,25.61
Brisbane,2017,11,25.34
Brisbane,2017,12,29.31
Brisbane,2018,1,30.51
Brisbane,2018,2,28.73
Brisbane,2018,3,27.34
Brisbane,2018,4,26.15
Brisbane,2018,5,23.75
Brisbane,2018,6,21.48
Brisbane,2018,7,21.81
Brisbane,2018,8,22.89
Brisbane,2018,9,23.72
Brisbane,2018,10,24.86
Brisbane,2018,11,28.68
Brisbane,2018,12,28.44
Brisbane,2019,1,30.46
Brisbane,2019,2,30.25
Brisbane,2019,3,29.47
Brisbane,2019,4,25.07
Brisbane,2019,5,23.42
Brisbane,2019,6,21.39
Brisbane,2019,7,21.78
Brisbane,2019,8,22.95
Brisbane,2019,9,26.26
Brisbane,2019,10,26.06
Brisbane,2019,11,30.24
Brisbane,2019,12,31.38
Brisbane,2020,1,30.04
Brisbane,2020,2,28.29
Brisbane,2020,3,27.23
Brisbane,2020,4,27.35
Brisbane,2020,5,22.7
Brisbane,2020,6,21.06
Brisbane,2020,7,20.7
Brisbane,2020,8,22.11
Brisbane,2020,9,24.44
Brisbane,2020,10,26.78
Brisbane,2020,11,28.4
Brisbane,2020,12,29.0
Brisbane,2021,1,28.11
Brisbane,2021,2,28.69
Brisbane,2021,3,26.95
Brisbane,2021,4,24.64
Brisbane,2021,5,22.69
Brisbane,2021,6,20.36
Brisbane,2021,7,20.08
Brisbane,2021,8,22.61
Brisbane,2021,9,24.71
Brisbane,2021,10,27.22
Brisbane,2021,11,26.27
Brisbane,2021,12,28.43
Brisbane,2022,1,28.09
Brisbane,2022,2,28.04
Brisbane,2022,3,27.85
Brisbane,2022,4,25.37
Brisbane,2022,5,22.16
Brisbane,2022,6,19.89
Brisbane,2022,7,18.96
Brisbane,2022,8,20.98
Brisbane,2022,9,23.12
Brisbane,2022,10,24.49
Brisbane,2022,11,27.27
Brisbane,2022,12,27.05
Brisbane,2023,1,29.26
Brisbane,2023,2,29.72
Brisbane,2023,3,29.82
Brisbane,2023,4,26.27
Brisbane,2023,5,22.65
Brisbane,2023,6,22.36
Brisbane,2023,7,22.05
Brisbane,2023,8,23.88
Brisbane,2023,9,25.51
Brisbane,2023,10,27.64
Brisbane,2023,11,27.18
Brisbane,2023,12,30.81
Brisbane,2024,1,29.35
Brisbane,2024,2,29.21
Brisbane,2024,3,27.01
Brisbane,2024,4,25.55
Brisbane,2024,5,22.6
Brisbane,2024,6,21.47
Brisbane,2024,7,20.06
Brisbane,2024,8,24.19
Brisbane,2024,9,25.73
Brisbane,2024,10,26.42
Brisbane,2024,11,27.81
Brisbane,2024,12,29.33
Perth,2005,1,30.92
Perth,2005,2,30.74
Perth,2005,3,30.23
Perth,2005,4,23.78
Perth,2005,5,22.51
Perth,2005,6,16.59
Perth,2005,7,16.86
Perth,2005,8,16.74
Perth,2005,9,17.39
Perth,2005,10,18.94
Perth,2005,11,24.48
Perth,2005,12,23.3
Perth,2006,1,28.53
Perth,2006,2,31.23
Perth,2006,3,29.81
Perth,2006,4,22.38
Perth,2006,5,21.72
Perth,2006,6,19.07
Perth,2006,7,17.25
Perth,2006,8,18.83
Perth,2006,9,18.98
Perth,2006,10,23.75
Perth,2006,11,27.06
Perth,2006,12,30.48
Perth,2007,1,29.47
Perth,2007,2,30.4
Perth,2007,3,29.44
Perth,2007,4,24.01
Perth,2007,5,19.62
Perth,2007,6,18.71
Perth,2007,7,17.67
Perth,2007,8,17.6
Perth,2007,9,18.34
Perth,2007,10,21.42
Perth,2007,11,27.98
Perth,2007,12,27.35
Perth,2008,1,33.35
Perth,2008,2,31.79
Perth,2008,3,29.28
Perth,2008,4,22.85
Perth,2008,5,21.26
Perth,2008,6,18.33
Perth,2008,7,16.33
Perth,2008,8,17.82
Perth,2008,9,18.83
Perth,2008,10,22.66
Perth,2008,11,22.52
Perth,2008,12,27.56
Perth,2009,1,32.72
Perth,2009,2,31.76
Perth,2009,3,28.31
Perth,2009,4,27.43
Perth,2009,5,22.93
Perth,2009,6,17.21
Perth,2009,7,16.22
Perth,2009,8,17.13
Perth,2009,9,16.65
Perth,2009,10,23.12
Perth,2009,11,25.95
Perth,2009,12,31.28
Perth,2010,1,34.32
Perth,2010,2,32.46
Perth,2010,3,30.06
Perth,2010,4,24.64
Perth,2010,5,20.94
Perth,2010,6,18.35
Perth,2010,7,16.53
Perth,2010,8,17.83
Perth,2010,9,20.84
Perth,2010,10,24.35
Perth,2010,11,29.59
Perth,2010,12,29.33
Perth,2011,1,32.43
Perth,2011,2,34.41
Perth,2011,3,31.69
Perth,2011,4,26.42
Perth,2011,5,22.37
Perth,2011,6,18.63
Perth,2011,7,16.85
Perth,2011,8,18.36
Perth,2011,9,18.64
Perth,2011,10,22.51
Perth,2011,11,24.61
Perth,2011,12,29.05
Perth,2012,1,32.77
Perth,2012,2,30.48
Perth,2012,3,30.55
Perth,2012,4,24.94
Perth,2012,5,21.77
Perth,2012,6,18.34
Perth,2012,7,17.43
Perth,2012,8,18.13
Perth,2012,9,19.49
Perth,2012,10,23.75
Perth,2012,11,24.55
Perth,2012,12,30.52
Perth,2013,1,31.32
Perth,2013,2,33.48
Perth,2013,3,27.23
Perth,2013,4,27.46
Perth,2013,5,19.84
Perth,2013,6,18.24
Perth,2013,7,17.06
Perth,2013,8,18.32
Perth,2013,9,17.95
Perth,2013,10,22.2
Perth,2013,11,28.57
Perth,2013,12,30.15
Perth,2014,1,32.11
Perth,2014,2,32.82
Perth,2014,3,29.9
Perth,2014,4,25.69
Perth,2014,5,19.83
Perth,2014,6,17.87
Perth,2014,7,16.89
Perth,2014,8,19.9
Perth,2014,9,20.28
Perth,2014,10,22.81
Perth,2014,11,24.85
Perth,2014,12,28.79
Perth,2015,1,33.03
Perth,2015,2,32.74
Perth,2015,3,28.67
Perth,2015,4,24.12
Perth,2015,5,20.2
Perth,2015,6,19.34
Perth,2015,7,17.37
Perth,2015,8,17.59
Perth,2015,9,20.77
Perth,2015,10,25.65
Perth,2015,11,27.77
Perth,2015,12,29.05
Perth,2016,1,31.49
Perth,2016,2,31.57
Perth,2016,3,29.13
Perth,2016,4,23.2
Perth,2016,5,19.25
Perth,2016,6,17.05
Perth,2016,7,15.97
Perth,2016,8,16.07
Perth,2016,9,16.52
Perth,2016,10,20.41
Perth,2016,11,27.01
Perth,2016,12,28.26
Perth,2017,1,28.38
Perth,2017,2,27.31
Perth,2017,3,26.37
Perth,2017,4,24.85
Perth,2017,5,21.18
Perth,2017,6,20.04
Perth,2017,7,16.91
Perth,2017,8,17.24
Perth,2017,9,18.72
Perth,2017,10,20.76
Perth,2017,11,26.63
Perth,2017,12,27.07
Perth,2018,1,27.95
Perth,2018,2,27.38
Perth,2018,3,28.28
Perth,2018,4,24.18
Perth,2018,5,22.57
Perth,2018,6,18.15
Perth,2018,7,17.83
Perth,2018,8,16.85
Perth,2018,9,18.22
Perth,2018,10,20.88
Perth,2018,11,22.34
Perth,2018,12,26.05
Perth,2019,1,27.14
Perth,2019,2,28.56
Perth,2019,3,27.98
Perth,2019,4,24.15
Perth,2019,5,21.12
Perth,2019,6,18.45
Perth,2019,7,17.74
Perth,2019,8,18.45
Perth,2019,9,20.13
Perth,2019,10,21.45
Perth,2019,11,26.44
Perth,2019,12,29.98
Perth,2020,1,28.0
Perth,2020,2,30.69
Perth,2020,3,28.04
Perth,2020,4,25.05
Perth,2020,5,20.7
Perth,2020,6,19.87
Perth,2020,7,18.09
Perth,2020,8,17.56
Perth,2020,9,19.47
Perth,2020,10,22.64
Perth,2020,11,22.22
Perth,2020,12,28.95
Perth,2021,1,31.04
Perth,2021,2,28.21
Perth,2021,3,27.95
Perth,2021,4,25.71
Perth,2021,5,20.98
Perth,2021,6,17.48
Perth,2021,7,17.24
Perth,2021,8,17.92
Perth,2021,9,19.39
Perth,2021,10,19.22
Perth,2021,11,23.81
Perth,2021,12,28.94
Perth,2022,1,31.45
Perth,2022,2,32.35
Perth,2022,3,28.99
Perth,2022,4,24.35
Perth,2022,5,20.85
Perth,2022,6,18.47
Perth,2022,7,17.85
Perth,2022,8,17.14
Perth,2022,9,18.95
Perth,2022,10,19.73
Perth,2022,11,23.08
Perth,2022,12,27.58
Perth,2023,1,30.39
Perth,2023,2,30.14
Perth,2023,3,28.32
Perth,2023,4,22.19
Perth,2023,5,21.0
Perth,2023,6,16.07
Perth,2023,7,17.11
Perth,2023,8,18.52
Perth,2023,9,20.28
Perth,2023,10,24.5
Perth,2023,11,28.5
Perth,2023,12,29.4
Perth,2024,1,30.24
Perth,2024,2,33.19
Perth,2024,3,29.3
Perth,2024,4,27.53
Perth,2024,5,24.42
Perth,2024,6,18.73
Perth,2024,7,18.02
Perth,2024,8,18.24
Perth,2024,9,20.61
Perth,2024,10,22.37
Perth,2024,11,24.88
Perth,2024,12,29.51
Sydney,2005,1,24.95
Sydney,2005,2,24.98
Sydney,2005,3,22.13
Sydney,2005,4,23.07
Sydney,2005,5,18.6
Sydney,2005,6,17.42
Sydney,2005,7,16.61
Sydney,2005,8,17.65
Sydney,2005,9,18.92
Sydney,2005,10,22.17
Sydney,2005,11,22.46
Sydney,2005,12,26.62
Sydney,2006,1,25.58
Sydney,2006,2,26.34
Sydney,2006,3,24.96
Sydney,2006,4,22.39
Sydney,2006,5,18.54
Sydney,2006,6,15.18
Sydney,2006,7,15.84
Sydney,2006,8,17.22
Sydney,2006,9,20.29
Sydney,2006,10,21.86
Sydney,2006,11,23.06
Sydney,2006,12,23.1
Sydney,2007,1,25.73
Sydney,2007,2,24.68
Sydney,2007,3,24.46
Sydney,2007,4,21.32
Sydney,2007,5,20.4
Sydney,2007,6,15.03
Sydney,2007,7,14.92
Sydney,2007,8,17.79
Sydney,2007,9,18.7
Sydney,2007,10,23.01
Sydney,2007,11,21.59
Sydney,2007,12,23.05
Sydney,2008,1,24.71
Sydney,2008,2,22.66
Sydney,2008,3,23.17
Sydney,2008,4,19.52
Sydney,2008,5,18.45
Sydney,2008,6,17.06
Sydney,2008,7,15.46
Sydney,2008,8,15.43
Sydney,2008,9,19.3
Sydney,2008,10,21.6
Sydney,2008,11,22.09
Sydney,2008,12,24.23
Sydney,2009,1,26.54
Sydney,2009,2,24.43
Sydney,2009,3,24.14
Sydney,2009,4,20.64
Sydney,2009,5,18.53
Sydney,2009,6,16.52
Sydney,2009,7,16.06
Sydney,2009,8,19.02
Sydney,2009,9,20.97
Sydney,2009,10,19.89
Sydney,2009,11,25.07
Sydney,2009,12,24.83
Sydney,2010,1,26.06
Sydney,2010,2,25.34
Sydney,2010,3,24.3
Sydney,2010,4,22.25
Sydney,2010,5,18.79
Sydney,2010,6,15.81
Sydney,2010,7,15.48
Sydney,2010,8,16.11
Sydney,2010,9,18.75
Sydney,2010,10,20.31
Sydney,2010,11,21.74
Sydney,2010,12,24.02
Sydney,2011,1,25.55
Sydney,2011,2,26.79
Sydney,2011,3,24.05
Sydney,2011,4,21.01
Sydney,2011,5,17.5
Sydney,2011,6,16.24
Sydney,2011,7,15.1
Sydney,2011,8,17.37
Sydney,2011,9,19.33
Sydney,2011,10,19.84
Sydney,2011,11,23.58
Sydney,2011,12,20.65
Sydney,2012,1,24.08
Sydney,2012,2,23.41
Sydney,2012,3,22.17
Sydney,2012,4,21.2
Sydney,2012,5,18.24
Sydney,2012,6,15.69
Sydney,2012,7,15.51
Sydney,2012,8,17.27
Sydney,2012,9,20.13
Sydney,2012,10,20.99
Sydney,2012,11,22.35
Sydney,2012,12,24.66
Sydney,2013,1,26.36
Sydney,2013,2,23.87
Sydney,2013,3,23.7
Sydney,2013,4,21.13
Sydney,2013,5,18.72
Sydney,2013,6,15.97
Sydney,2013,7,16.54
Sydney,2013,8,18.33
Sydney,2013,9,21.95
Sydney,2013,10,23.53
Sydney,2013,11,22.07
Sydney,2013,12,24.56
Sydney,2014,1,25.32
Sydney,2014,2,24.23
Sydney,2014,3,23.9
Sydney,2014,4,21.57
Sydney,2014,5,20.15
Sydney,2014,6,17.16
Sydney,2014,7,16.73
Sydney,2014,8,15.86
Sydney,2014,9,18.89
Sydney,2014,10,22.05
Sydney,2014,11,23.66
Sydney,2014,12,24.17
Sydney,2015,1,25.16
Sydney,2015,2,24.75
Sydney,2015,3,24.25
Sydney,2015,4,20.44
Sydney,2015,5,18.26
Sydney,2015,6,16.32
Sydney,2015,7,14.76
Sydney,2015,8,16.97
Sydney,2015,9,18.19
Sydney,2015,10,23.49
Sydney,2015,11,23.88
Sydney,2015,12,24.5
Sydney,2016,1,24.78
Sydney,2016,2,25.65
Sydney,2016,3,24.89
Sydney,2016,4,22.79
Sydney,2016,5,20.76
Sydney,2016,6,16.65
Sydney,2016,7,16.48
Sydney,2016,8,16.98
Sydney,2016,9,18.75
Sydney,2016,10,21.63
Sydney,2016,11,24.1
Sydney,2016,12,26.06
Sydney,2017,1,28.6
Sydney,2017,2,27.54
Sydney,2017,3,24.35
Sydney,2017,4,21.76
Sydney,2017,5,19.45
Sydney,2017,6,16.96
Sydney,2017,7,17.23
Sydney,2017,8,17.93
Sydney,2017,9,22.47
Sydney,2017,10,22.9
Sydney,2017,11,22.71
Sydney,2017,12,27.15
Sydney,2018,1,27.63
Sydney,2018,2,26.31
Sydney,2018,3,25.65
Sydney,2018,4,24.81
Sydney,2018,5,20.43
Sydney,2018,6,16.52
Sydney,2018,7,18.32
Sydney,2018,8,17.84
Sydney,2018,9,19.54
Sydney,2018,10,20.88
Sydney,2018,11,23.41
Sydney,2018,12,26.14
Sydney,2019,1,28.76
Sydney,2019,2,26.6
Sydney,2019,3,25.54
Sydney,2019,4,23.24
Sydney,2019,5,21.09
Sydney,2019,6,17.29
Sydney,2019,7,17.97
Sydney,2019,8,17.88
Sydney,2019,9,20.37
Sydney,2019,10,22.77
Sydney,2019,11,25.18
Sydney,2019,12,27.7
Sydney,2020,1,27.53
Sydney,2020,2,25.78
Sydney,2020,3,23.81
Sydney,2020,4,22.86
Sydney,2020,5,18.55
Sydney,2020,6,16.98
Sydney,2020,7,16.48
Sydney,2020,8,17.44
Sydney,2020,9,20.86
Sydney,2020,10,22.38
Sydney,2020,11,24.32
Sydney,2020,12,24.24
Sydney,2021,1,25.48
Sydney,2021,2,24.15
Sydney,2021,3,23.58
Sydney,2021,4,22.08
Sydney,2021,5,19.22
Sydney,2021,6,16.63
Sydney,2021,7,16.43
Sydney,2021,8,19.0
Sydney,2021,9,20.83
Sydney,2021,10,22.2
Sydney,2021,11,21.38
Sydney,2021,12,24.11
Sydney,2022,1,25.73
Sydney,2022,2,25.42
Sydney,2022,3,23.26
Sydney,2022,4,22.39
Sydney,2022,5,19.46
Sydney,2022,6,16.46
Sydney,2022,7,15.91
Sydney,2022,8,18.25
Sydney,2022,9,18.73
Sydney,2022,10,21.06
Sydney,2022,11,22.3
Sydney,2022,12,23.26
Sydney,2023,1,25.07
Sydney,2023,2,26.34
Sydney,2023,3,26.41
Sydney,2023,4,21.68
Sydney,2023,5,18.77
Sydney,2023,6,17.86
Sydney,2023,7,18.78
Sydney,2023,8,19.14
Sydney,2023,9,22.96
Sydney,2023,10,24.39
Sydney,2023,11,23.25
Sydney,2023,12,26.43
Sydney,2024,1,26.58
Sydney,2024,2,26.48
Sydney,2024,3,25.46
Sydney,2024,4,21.85
Sydney,2024,5,18.77
Sydney,2024,6,16.01
Sydney,2024,7,16.14
Sydney,2024,8,19.45
Sydney,2024,9,22.15
Sydney,2024,10,21.71
Sydney,2024,11,25.11
Sydney,2024,12,26.84
Adelaide,2005,1,27.29
Adelaide,2005,2,24.65
Adelaide,2005,3,24.76
Adelaide,2005,4,24.05
Adelaide,2005,5,19.16
Adelaide,2005,6,15.81
Adelaide,2005,7,13.85
Adelaide,2005,8,15.53
Adelaide,2005,9,16.91
Adelaide,2005,10,19.62
Adelaide,2005,11,22.62
Adelaide,2005,12,25.18
Adelaide,2006,1,29.27
Adelaide,2006,2,25.54
Adelaide,2006,3,26.46
Adelaide,2006,4,18.5
Adelaide,2006,5,15.55
Adelaide,2006,6,13.87
Adelaide,2006,7,13.32
Adelaide,2006,8,16.05
Adelaide,2006,9,18.91
Adelaide,2006,10,22.1
Adelaide,2006,11,24.7
Adelaide,2006,12,26.43
Adelaide,2007,1,27.2
Adelaide,2007,2,30.22
Adelaide,2007,3,25.63
Adelaide,2007,4,22.84
Adelaide,2007,5,18.33
Adelaide,2007,6,13.11
Adelaide,2007,7,13.83
Adelaide,2007,8,15.76
Adelaide,2007,9,18.46
Adelaide,2007,10,20.87
Adelaide,2007,11,25.13
Adelaide,2007,12,26.42
Adelaide,2008,1,28.49
Adelaide,2008,2,25.7
Adelaide,2008,3,28.2
Adelaide,2008,4,21.07
Adelaide,2008,5,17.72
Adelaide,2008,6,15.19
Adelaide,2008,7,13.25
Adelaide,2008,8,12.91
Adelaide,2008,9,17.98
Adelaide,2008,10,21.66
Adelaide,2008,11,22.23
Adelaide,2008,12,23.14
Adelaide,2009,1,29.47
Adelaide,2009,2,28.98
Adelaide,2009,3,25.01
Adelaide,2009,4,21.05
Adelaide,2009,5,17.15
Adelaide,2009,6,14.85
Adelaide,2009,7,14.02
Adelaide,2009,8,16.32
Adelaide,2009,9,17.27
Adelaide,2009,10,19.02
Adelaide,2009,11,27.85
Adelaide,2009,12,26.45
Adelaide,2010,1,28.78
Adelaide,2010,2,29.38
Adelaide,2010,3,25.8
Adelaide,2010,4,21.87
Adelaide,2010,5,18.19
Adelaide,2010,6,14.34
Adelaide,2010,7,13.79
Adelaide,2010,8,13.34
Adelaide,2010,9,14.72
Adelaide,2010,10,19.28
Adelaide,2010,11,21.84
Adelaide,2010,12,23.79
Adelaide,2011,1,28.25
Adelaide,2011,2,26.84
Adelaide,2011,3,23.06
Adelaide,2011,4,21.25
Adelaide,2011,5,16.62
Adelaide,2011,6,14.71
Adelaide,2011,7,13.93
Adelaide,2011,8,15.79
Adelaide,2011,9,18.16
Adelaide,2011,10,19.91
Adelaide,2011,11,24.12
Adelaide,2011,12,25.67
Adelaide,2012,1,28.32
Adelaide,2012,2,26.36
Adelaide,2012,3,24.02
Adelaide,2012,4,22.46
Adelaide,2012,5,16.77
Adelaide,2012,6,13.89
Adelaide,2012,7,13.51
Adelaide,2012,8,13.9
Adelaide,2012,9,17.46
Adelaide,2012,10,20.87
Adelaide,2012,11,25.26
Adelaide,2012,12,25.92
Adelaide,2013,1,27.92
Adelaide,2013,2,28.06
Adelaide,2013,3,26.27
Adelaide,2013,4,21.61
Adelaide,2013,5,18.6
Adelaide,2013,6,14.65
Adelaide,2013,7,14.09
Adelaide,2013,8,15.1
Adelaide,2013,9,19.36
Adelaide,2013,10,19.72
Adelaide,2013,11,22.27
Adelaide,2013,12,25.73
Adelaide,2014,1,29.29
Adelaide,2014,2,27.59
Adelaide,2014,3,25.13
Adelaide,2014,4,21.32
Adelaide,2014,5,18.65
Adelaide,2014,6,14.84
Adelaide,2014,7,13.53
Adelaide,2014,8,14.85
Adelaide,2014,9,18.26
Adelaide,2014,10,23.14
Adelaide,2014,11,24.56
Adelaide,2014,12,24.49
Adelaide,2015,1,26.05
Adelaide,2015,2,29.6
Adelaide,2015,3,23.45
Adelaide,2015,4,18.61
Adelaide,2015,5,16.55
Adelaide,2015,6,14.47
Adelaide,2015,7,12.77
Adelaide,2015,8,13.92
Adelaide,2015,9,16.78
Adelaide,2015,10,24.53
Adelaide,2015,11,24.39
Adelaide,2015,12,29.37
Adelaide,2016,1,28.16
Adelaide,2016,2,26.65
Adelaide,2016,3,25.91
Adelaide,2016,4,22.21
Adelaide,2016,5,17.91
Adelaide,2016,6,14.33
Adelaide,2016,7,13.63
Adelaide,2016,8,15.1
Adelaide,2016,9,15.05
Adelaide,2016,10,18.27
Adelaide,2016,11,21.45
Adelaide,2016,12,25.49
Adelaide,2017,1,27.94
Adelaide,2017,2,25.51
Adelaide,2017,3,26.99
Adelaide,2017,4,21.5
Adelaide,2017,5,17.48
Adelaide,2017,6,14.67
Adelaide,2017,7,14.43
Adelaide,2017,8,13.88
Adelaide,2017,9,16.68
Adelaide,2017,10,21.02
Adelaide,2017,11,25.5
Adelaide,2017,12,24.96
Adelaide,2018,1,29.17
Adelaide,2018,2,27.88
Adelaide,2018,3,25.25
Adelaide,2018,4,24.22
Adelaide,2018,5,17.46
Adelaide,2018,6,14.33
Adelaide,2018,7,14.52
Adelaide,2018,8,15.04
Adelaide,2018,9,16.5
Adelaide,2018,10,21.52
Adelaide,2018,11,21.56
Adelaide,2018,12,27.14
Adelaide,2019,1,30.59
Adelaide,2019,2,27.33
Adelaide,2019,3,24.89
Adelaide,2019,4,22.96
Adelaide,2019,5,17.11
Adelaide,2019,6,14.78
Adelaide,2019,7,14.73
Adelaide,2019,8,13.94
Adelaide,2019,9,16.76
Adelaide,2019,10,21.36
Adelaide,2019,11,21.36
Adelaide,2019,12,28.53
Adelaide,2020,1,26.94
Adelaide,2020,2,24.82
Adelaide,2020,3,24.34
Adelaide,2020,4,19.95
Adelaide,2020,5,15.92
Adelaide,2020,6,14.12
Adelaide,2020,7,13.54
Adelaide,2020,8,13.95
Adelaide,2020,9,18.3
Adelaide,2020,10,19.48
Adelaide,2020,11,26.24
Adelaide,2020,12,24.88
Adelaide,2021,1,27.18
Adelaide,2021,2,25.65
Adelaide,2021,3,24.46
Adelaide,2021,4,21.58
Adelaide,2021,5,18.13
Adelaide,2021,6,15.32
Adelaide,2021,7,13.58
Adelaide,2021,8,14.85
Adelaide,2021,9,17.44
Adelaide,2021,10,18.89
Adelaide,2021,11,21.33
Adelaide,2021,12,25.36
Adelaide,2022,1,27.41
Adelaide,2022,2,26.33
Adelaide,2022,3,25.5
Adelaide,2022,4,22.86
Adelaide,2022,5,17.65
Adelaide,2022,6,14.32
Adelaide,2022,7,13.61
Adelaide,2022,8,14.59
Adelaide,2022,9,15.4
Adelaide,2022,10,18.7
Adelaide,2022,11,20.01
Adelaide,2022,12,24.9
Adelaide,2023,1,27.87
Adelaide,2023,2,27.2
Adelaide,2023,3,23.35
Adelaide,2023,4,20.46
Adelaide,2023,5,16.47
Adelaide,2023,6,15.49
Adelaide,2023,7,14.3
Adelaide,2023,8,16.08
Adelaide,2023,9,20.05
Adelaide,2023,10,19.89
Adelaide,2023,11,22.67
Adelaide,2023,12,23.45
Adelaide,2024,1,26.76
Adelaide,2024,2,28.06
Adelaide,2024,3,27.85
Adelaide,2024,4,19.55
Adelaide,2024,5,19.21
Adelaide,2024,6,14.43
Adelaide,2024,7,14.13
Adelaide,2024,8,17.26
Adelaide,2024,9,17.73
Adelaide,2024,10,22.12
Adelaide,2024,11,24.33
Adelaide,2024,12,26.75
Canberra,2005,1,26.48
Canberra,2005,2,24.41
Canberra,2005,3,21.99
Canberra,2005,4,21.44
Canberra,2005,5,16.0
Canberra,2005,6,12.17
Canberra,2005,7,10.68
Canberra,2005,8,12.57
Canberra,2005,9,14.81
Canberra,2005,10,18.14
Canberra,2005,11,20.88
Canberra,2005,12,25.9
Canberra,2006,1,27.79
Canberra,2006,2,27.23
Canberra,2006,3,24.98
Canberra,2006,4,17.79
Canberra,2006,5,14.1
Canberra,2006,6,10.33
Canberra,2006,7,10.25
Canberra,2006,8,13.34
Canberra,2006,9,17.24
Canberra,2006,10,22.31
Canberra,2006,11,23.95
Canberra,2006,12,25.44
Canberra,2007,1,28.89
Canberra,2007,2,26.13
Canberra,2007,3,23.47
Canberra,2007,4,19.72
Canberra,2007,5,15.89
Canberra,2007,6,10.24
Canberra,2007,7,9.41
Canberra,2007,8,12.55
Canberra,2007,9,15.05
Canberra,2007,10,20.88
Canberra,2007,11,22.08
Canberra,2007,12,23.03
Canberra,2008,1,26.3
Canberra,2008,2,21.96
Canberra,2008,3,23.35
Canberra,2008,4,17.11
Canberra,2008,5,14.78
Canberra,2008,6,12.3
Canberra,2008,7,9.69
Canberra,2008,8,10.25
Canberra,2008,9,15.91
Canberra,2008,10,20.19
Canberra,2008,11,20.9
Canberra,2008,12,22.33
Canberra,2009,1,28.85
Canberra,2009,2,26.54
Canberra,2009,3,23.88
Canberra,2009,4,17.97
Canberra,2009,5,14.62
Canberra,2009,6,11.04
Canberra,2009,7,10.35
Canberra,2009,8,12.54
Canberra,2009,9,15.58
Canberra,2009,10,16.95
Canberra,2009,11,26.03
Canberra,2009,12,26.16
Canberra,2010,1,28.46
Canberra,2010,2,24.67
Canberra,2010,3,22.66
Canberra,2010,4,18.93
Canberra,2010,5,14.4
Canberra,2010,6,10.6
Canberra,2010,7,10.82
Canberra,2010,8,10.14
Canberra,2010,9,14.25
Canberra,2010,10,17.5
Canberra,2010,11,20.5
Canberra,2010,12,22.21
Canberra,2011,1,26.12
Canberra,2011,2,24.6
Canberra,2011,3,20.75
Canberra,2011,4,16.96
Canberra,2011,5,13.14
Canberra,2011,6,10.48
Canberra,2011,7,9.23
Canberra,2011,8,13.35
Canberra,2011,9,15.26
Canberra,2011,10,18.24
Canberra,2011,11,22.1
Canberra,2011,12,21.14
Canberra,2012,1,24.36
Canberra,2012,2,22.26
Canberra,2012,3,19.45
Canberra,2012,4,18.03
Canberra,2012,5,13.03
Canberra,2012,6,10.12
Canberra,2012,7,9.98
Canberra,2012,8,10.43
Canberra,2012,9,14.82
Canberra,2012,10,18.55
Canberra,2012,11,22.46
Canberra,2012,12,24.37
Canberra,2013,1,29.42
Canberra,2013,2,24.46
Canberra,2013,3,22.38
Canberra,2013,4,18.56
Canberra,2013,5,14.45
Canberra,2013,6,11.12
Canberra,2013,7,11.04
Canberra,2013,8,11.66
Canberra,2013,9,16.7
Canberra,2013,10,19.42
Canberra,2013,11,21.24
Canberra,2013,12,25.91
Canberra,2014,1,28.61
Canberra,2014,2,26.69
Canberra,2014,3,22.03
Canberra,2014,4,17.78
Canberra,2014,5,15.05
Canberra,2014,6,11.17
Canberra,2014,7,9.8
Canberra,2014,8,11.75
Canberra,2014,9,15.45
Canberra,2014,10,20.69
Canberra,2014,11,24.33
Canberra,2014,12,24.0
Canberra,2015,1,23.9
Canberra,2015,2,24.59
Canberra,2015,3,22.97
Canberra,2015,4,17.05
Canberra,2015,5,13.41
Canberra,2015,6,10.73
Canberra,2015,7,8.84
Canberra,2015,8,10.55
Canberra,2015,9,14.67
Canberra,2015,10,21.85
Canberra,2015,11,22.24
Canberra,2015,12,26.12
Canberra,2016,1,25.29
Canberra,2016,2,26.62
Canberra,2016,3,24.35
Canberra,2016,4,20.52
Canberra,2016,5,13.95
Canberra,2016,6,10.38
Canberra,2016,7,10.08
Canberra,2016,8,11.7
Canberra,2016,9,13.55
Canberra,2016,10,16.16
Canberra,2016,11,22.1
Canberra,2016,12,25.64
Canberra,2017,1,30.13
Canberra,2017,2,28.07
Canberra,2017,3,23.72
Canberra,2017,4,18.3
Canberra,2017,5,14.55
Canberra,2017,6,11.39
Canberra,2017,7,10.22
Canberra,2017,8,11.37
Canberra,2017,9,15.33
Canberra,2017,10,20.76
Canberra,2017,11,22.2
Canberra,2017,12,25.59
Canberra,2018,1,29.06
Canberra,2018,2,27.01
Canberra,2018,3,24.19
Canberra,2018,4,23.24
Canberra,2018,5,15.59
Canberra,2018,6,11.14
Canberra,2018,7,10.67
Canberra,2018,8,11.34
Canberra,2018,9,16.22
Canberra,2018,10,20.63
Canberra,2018,11,22.59
Canberra,2018,12,27.16
Canberra,2019,1,31.96
Canberra,2019,2,27.69
Canberra,2019,3,24.01
Canberra,2019,4,20.83
Canberra,2019,5,14.9
Canberra,2019,6,12.01
Canberra,2019,7,11.39
Canberra,2019,8,11.55
Canberra,2019,9,16.4
Canberra,2019,10,21.34
Canberra,2019,11,24.49
Canberra,2019,12,30.18
Canberra,2020,1,30.55
Canberra,2020,2,25.54
Canberra,2020,3,22.01
Canberra,2020,4,17.72
Canberra,2020,5,13.37
Canberra,2020,6,11.72
Canberra,2020,7,11.41
Canberra,2020,8,11.31
Canberra,2020,9,15.74
Canberra,2020,10,18.76
Canberra,2020,11,24.28
Canberra,2020,12,23.65
Canberra,2021,1,26.01
Canberra,2021,2,24.31
Canberra,2021,3,21.48
Canberra,2021,4,18.78
Canberra,2021,5,14.33
Canberra,2021,6,11.01
Canberra,2021,7,9.67
Canberra,2021,8,12.61
Canberra,2021,9,15.5
Canberra,2021,10,17.67
Canberra,2021,11,18.94
Canberra,2021,12,24.03
Canberra,2022,1,25.52
Canberra,2022,2,24.31
Canberra,2022,3,22.33
Canberra,2022,4,18.61
Canberra,2022,5,14.43
Canberra,2022,6,10.13
Canberra,2022,7,10.86
Canberra,2022,8,12.08
Canberra,2022,9,14.31
Canberra,2022,10,16.96
Canberra,2022,11,18.9
Canberra,2022,12,22.74
Canberra,2023,1,25.98
Canberra,2023,2,25.44
Canberra,2023,3,23.64
Canberra,2023,4,18.14
Canberra,2023,5,13.0
Canberra,2023,6,11.39
Canberra,2023,7,12.08
Canberra,2023,8,13.84
Canberra,2023,9,19.07
Canberra,2023,10,20.46
Canberra,2023,11,23.67
Canberra,2023,12,25.36
Canberra,2024,1,25.39
Canberra,2024,2,26.41
Canberra,2024,3,25.05
Canberra,2024,4,18.22
Canberra,2024,5,14.92
Canberra,2024,6,10.82
Canberra,2024,7,10.65
Canberra,2024,8,14.27
Canberra,2024,9,16.27
Canberra,2024,10,20.47
Canberra,2024,11,25.38
Canberra,2024,12,27.37
Melbourne,2005,1,25.15
Melbourne,2005,2,22.4
Melbourne,2005,3,22.17
Melbourne,2005,4,22.76
Melbourne,2005,5,16.85
Melbourne,2005,6,14.82
Melbourne,2005,7,13.85
Melbourne,2005,8,14.54
Melbourne,2005,9,16.28
Melbourne,2005,10,19.16
Melbourne,2005,11,22.02
Melbourne,2005,12,25.58
Melbourne,2006,1,26.61
Melbourne,2006,2,24.01
Melbourne,2006,3,24.62
Melbourne,2006,4,17.73
Melbourne,2006,5,15.15
Melbourne,2006,6,13.06
Melbourne,2006,7,13.11
Melbourne,2006,8,14.93
Melbourne,2006,9,17.79
Melbourne,2006,10,20.47
Melbourne,2006,11,21.7
Melbourne,2006,12,24.15
Melbourne,2007,1,26.45
Melbourne,2007,2,28.12
Melbourne,2007,3,24.34
Melbourne,2007,4,21.07
Melbourne,2007,5,18.1
Melbourne,2007,6,12.26
Melbourne,2007,7,12.27
Melbourne,2007,8,15.14
Melbourne,2007,9,16.91
Melbourne,2007,10,19.69
Melbourne,2007,11,22.56
Melbourne,2007,12,25.23
Melbourne,2008,1,26.48
Melbourne,2008,2,23.27
Melbourne,2008,3,25.84
Melbourne,2008,4,19.81
Melbourne,2008,5,15.79
Melbourne,2008,6,14.42
Melbourne,2008,7,12.52
Melbourne,2008,8,12.67
Melbourne,2008,9,17.28
Melbourne,2008,10,20.65
Melbourne,2008,11,21.21
Melbourne,2008,12,21.4
Melbourne,2009,1,27.23
Melbourne,2009,2,26.68
Melbourne,2009,3,23.13
Melbourne,2009,4,19.46
Melbourne,2009,5,16.06
Melbourne,2009,6,14.06
Melbourne,2009,7,13.44
Melbourne,2009,8,15.23
Melbourne,2009,9,16.69
Melbourne,2009,10,17.85
Melbourne,2009,11,25.69
Melbourne,2009,12,24.3
Melbourne,2010,1,26.36
Melbourne,2010,2,26.51
Melbourne,2010,3,23.56
Melbourne,2010,4,20.88
Melbourne,2010,5,16.53
Melbourne,2010,6,12.87
Melbourne,2010,7,12.92
Melbourne,2010,8,12.6
Melbourne,2010,9,14.3
Melbourne,2010,10,18.62
Melbourne,2010,11,21.22
Melbourne,2010,12,22.37
Melbourne,2011,1,24.85
Melbourne,2011,2,23.34
Melbourne,2011,3,21.36
Melbourne,2011,4,19.03
Melbourne,2011,5,14.6
Melbourne,2011,6,13.92
Melbourne,2011,7,12.65
Melbourne,2011,8,15.35
Melbourne,2011,9,17.1
Melbourne,2011,10,18.92
Melbourne,2011,11,22.52
Melbourne,2011,12,22.76
Melbourne,2012,1,25.72
Melbourne,2012,2,25.49
Melbourne,2012,3,21.73
Melbourne,2012,4,20.24
Melbourne,2012,5,15.1
Melbourne,2012,6,13.01
Melbourne,2012,7,12.64
Melbourne,2012,8,13.24
Melbourne,2012,9,16.34
Melbourne,2012,10,18.96
Melbourne,2012,11,22.08
Melbourne,2012,12,23.86
Melbourne,2013,1,26.55
Melbourne,2013,2,28.01
Melbourne,2013,3,25.61
Melbourne,2013,4,19.71
Melbourne,2013,5,16.6
Melbourne,2013,6,13.49
Melbourne,2013,7,13.82
Melbourne,2013,8,14.53
Melbourne,2013,9,18.01
Melbourne,2013,10,17.92
Melbourne,2013,11,20.11
Melbourne,2013,12,23.34
Melbourne,2014,1,27.08
Melbourne,2014,2,27.29
Melbourne,2014,3,24.17
Melbourne,2014,4,19.32
Melbourne,2014,5,17.45
Melbourne,2014,6,14.08
Melbourne,2014,7,13.19
Melbourne,2014,8,14.07
Melbourne,2014,9,16.92
Melbourne,2014,10,20.45
Melbourne,2014,11,22.4
Melbourne,2014,12,23.6
Melbourne,2015,1,25.03
Melbourne,2015,2,26.46
Melbourne,2015,3,22.42
Melbourne,2015,4,18.25
Melbourne,2015,5,15.97
Melbourne,2015,6,13.32
Melbourne,2015,7,12.05
Melbourne,2015,8,12.54
Melbourne,2015,9,15.68
Melbourne,2015,10,23.84
Melbourne,2015,11,22.58
Melbourne,2015,12,27.44
Melbourne,2016,1,25.84
Melbourne,2016,2,24.92
Melbourne,2016,3,24.6
Melbourne,2016,4,21.56
Melbourne,2016,5,17.24
Melbourne,2016,6,13.13
Melbourne,2016,7,13.09
Melbourne,2016,8,14.16
Melbourne,2016,9,15.38
Melbourne,2016,10,17.55
Melbourne,2016,11,19.48
Melbourne,2016,12,24.63
Melbourne,2017,1,26.36
Melbourne,2017,2,25.5
Melbourne,2017,3,26.59
Melbourne,2017,4,19.76
Melbourne,2017,5,16.18
Melbourne,2017,6,14.0
Melbourne,2017,7,13.18
Melbourne,2017,8,13.31
Melbourne,2017,9,16.01
Melbourne,2017,10,19.77
Melbourne,2017,11,25.03
Melbourne,2017,12,24.04
Melbourne,2018,1,26.9
Melbourne,2018,2,26.98
Melbourne,2018,3,24.91
Melbourne,2018,4,21.78
Melbourne,2018,5,16.62
Melbourne,2018,6,13.31
Melbourne,2018,7,13.64
Melbourne,2018,8,13.99
Melbourne,2018,9,16.42
Melbourne,2018,10,21.27
Melbourne,2018,11,21.47
Melbourne,2018,12,25.36
Melbourne,2019,1,29.17
Melbourne,2019,2,26.34
Melbourne,2019,3,25.53
Melbourne,2019,4,22.09
Melbourne,2019,5,16.81
Melbourne,2019,6,14.38
Melbourne,2019,7,14.11
Melbourne,2019,8,13.47
Melbourne,2019,9,16.87
Melbourne,2019,10,20.42
Melbourne,2019,11,21.54
Melbourne,2019,12,25.24
Melbourne,2020,1,26.55
Melbourne,2020,2,24.13
Melbourne,2020,3,22.49
Melbourne,2020,4,18.73
Melbourne,2020,5,15.14
Melbourne,2020,6,13.69
Melbourne,2020,7,12.94
Melbourne,2020,8,13.64
Melbourne,2020,9,16.93
Melbourne,2020,10,18.29
Melbourne,2020,11,23.69
Melbourne,2020,12,22.48
Melbourne,2021,1,24.61
Melbourne,2021,2,24.04
Melbourne,2021,3,21.82
Melbourne,2021,4,19.82
Melbourne,2021,5,16.65
Melbourne,2021,6,14.09
Melbourne,2021,7,12.84
Melbourne,2021,8,14.99
Melbourne,2021,9,17.03
Melbourne,2021,10,18.34
Melbourne,2021,11,19.58
Melbourne,2021,12,23.75
Melbourne,2022,1,28.56
Melbourne,2022,2,25.31
Melbourne,2022,3,24.24
Melbourne,2022,4,20.78
Melbourne,2022,5,16.02
Melbourne,2022,6,13.06
Melbourne,2022,7,12.93
Melbourne,2022,8,14.4
Melbourne,2022,9,15.58
Melbourne,2022,10,18.13
Melbourne,2022,11,19.04
Melbourne,2022,12,23.19
Melbourne,2023,1,26.07
Melbourne,2023,2,25.12
Melbourne,2023,3,22.85
Melbourne,2023,4,19.62
Melbourne,2023,5,15.22
Melbourne,2023,6,14.14
Melbourne,2023,7,14.23
Melbourne,2023,8,14.95
Melbourne,2023,9,18.94
Melbourne,2023,10,18.64
Melbourne,2023,11,20.93
Melbourne,2023,12,22.79
Melbourne,2024,1,24.39
Melbourne,2024,2,26.27
Melbourne,2024,3,24.73
Melbourne,2024,4,17.97
Melbourne,2024,5,16.25
Melbourne,2024,6,13.04
Melbourne,2024,7,12.27
Melbourne,2024,8,16.91
Melbourne,2024,9,16.84
Melbourne,2024,10,19.79
Melbourne,2024,11,23.47
Melbourne,2024,12,26.0
Hobart,2005,1,21.37
Hobart,2005,2,20.35
Hobart,2005,3,18.43
Hobart,2005,4,18.69
Hobart,2005,5,13.98
Hobart,2005,6,12.86
Hobart,2005,7,12.5
Hobart,2005,8,13.36
Hobart,2005,9,15.03
Hobart,2005,10,16.53
Hobart,2005,11,19.06
Hobart,2005,12,20.79
Hobart,2006,1,21.98
Hobart,2006,2,21.02
Hobart,2006,3,20.32
Hobart,2006,4,14.32
Hobart,2006,5,12.79
Hobart,2006,6,11.42
Hobart,2006,7,11.56
Hobart,2006,8,13.49
Hobart,2006,9,14.51
Hobart,2006,10,16.5
Hobart,2006,11,16.53
Hobart,2006,12,19.85
Hobart,2007,1,21.94
Hobart,2007,2,23.3
Hobart,2007,3,20.01
Hobart,2007,4,17.18
Hobart,2007,5,16.39
Hobart,2007,6,10.58
Hobart,2007,7,11.52
Hobart,2007,8,12.77
Hobart,2007,9,15.07
Hobart,2007,10,15.77
Hobart,2007,11,19.36
Hobart,2007,12,21.49
Hobart,2008,1,23.63
Hobart,2008,2,19.81
Hobart,2008,3,21.53
Hobart,2008,4,16.8
Hobart,2008,5,14.56
Hobart,2008,6,13.04
Hobart,2008,7,10.76
Hobart,2008,8,11.57
Hobart,2008,9,14.49
Hobart,2008,10,17.23
Hobart,2008,11,16.94
Hobart,2008,12,17.86
Hobart,2009,1,22.02
Hobart,2009,2,20.69
Hobart,2009,3,19.12
Hobart,2009,4,16.33
Hobart,2009,5,13.82
Hobart,2009,6,12.09
Hobart,2009,7,11.18
Hobart,2009,8,12.47
Hobart,2009,9,14.41
Hobart,2009,10,15.1
Hobart,2009,11,19.46
Hobart,2009,12,20.19
Hobart,2010,1,22.37
Hobart,2010,2,22.64
Hobart,2010,3,21.5
Hobart,2010,4,17.79
Hobart,2010,5,14.28
Hobart,2010,6,12.08
Hobart,2010,7,12.48
Hobart,2010,8,12.09
Hobart,2010,9,12.52
Hobart,2010,10,17.28
Hobart,2010,11,18.14
Hobart,2010,12,18.95
Hobart,2011,1,20.95
Hobart,2011,2,19.85
Hobart,2011,3,18.42
Hobart,2011,4,16.47
Hobart,2011,5,13.15
Hobart,2011,6,12.16
Hobart,2011,7,10.9
Hobart,2011,8,13.51
Hobart,2011,9,14.39
Hobart,2011,10,15.98
Hobart,2011,11,19.0
Hobart,2011,12,19.21
Hobart,2012,1,22.59
Hobart,2012,2,21.46
Hobart,2012,3,19.25
Hobart,2012,4,18.23
Hobart,2012,5,13.91
Hobart,2012,6,11.39
Hobart,2012,7,11.85
Hobart,2012,8,12.33
Hobart,2012,9,14.21
Hobart,2012,10,15.89
Hobart,2012,11,19.26
Hobart,2012,12,20.53
Hobart,2013,1,22.35
Hobart,2013,2,22.81
Hobart,2013,3,21.95
Hobart,2013,4,16.26
Hobart,2013,5,14.55
Hobart,2013,6,11.93
Hobart,2013,7,12.29
Hobart,2013,8,12.25
Hobart,2013,9,14.88
Hobart,2013,10,15.27
Hobart,2013,11,16.42
Hobart,2013,12,19.58
Hobart,2014,1,23.19
Hobart,2014,2,22.68
Hobart,2014,3,20.48
Hobart,2014,4,16.91
Hobart,2014,5,14.42
Hobart,2014,6,12.63
Hobart,2014,7,12.51
Hobart,2014,8,13.44
Hobart,2014,9,15.73
Hobart,2014,10,16.37
Hobart,2014,11,17.62
Hobart,2014,12,19.31
Hobart,2015,1,20.32
Hobart,2015,2,21.98
Hobart,2015,3,18.34
Hobart,2015,4,15.61
Hobart,2015,5,13.03
Hobart,2015,6,11.64
Hobart,2015,7,10.71
Hobart,2015,8,10.64
Hobart,2015,9,14.32
Hobart,2015,10,18.89
Hobart,2015,11,18.57
Hobart,2015,12,21.8
Hobart,2016,1,22.31
Hobart,2016,2,22.18
Hobart,2016,3,20.75
Hobart,2016,4,18.28
Hobart,2016,5,14.39
Hobart,2016,6,12.46
Hobart,2016,7,11.56
Hobart,2016,8,12.61
Hobart,2016,9,14.65
Hobart,2016,10,15.11
Hobart,2016,11,16.85
Hobart,2016,12,20.56
Hobart,2017,1,21.87
Hobart,2017,2,21.35
Hobart,2017,3,21.69
Hobart,2017,4,18.2
Hobart,2017,5,14.14
Hobart,2017,6,12.73
Hobart,2017,7,11.12
Hobart,2017,8,12.04
Hobart,2017,9,13.83
Hobart,2017,10,18.25
Hobart,2017,11,21.71
Hobart,2017,12,21.35
Hobart,2018,1,23.4
Hobart,2018,2,20.83
Hobart,2018,3,20.12
Hobart,2018,4,17.51
Hobart,2018,5,14.57
Hobart,2018,6,12.28
Hobart,2018,7,12.04
Hobart,2018,8,12.5
Hobart,2018,9,14.74
Hobart,2018,10,17.54
Hobart,2018,11,17.89
Hobart,2018,12,21.22
Hobart,2019,1,25.41
Hobart,2019,2,21.94
Hobart,2019,3,21.61
Hobart,2019,4,18.46
Hobart,2019,5,14.72
Hobart,2019,6,12.55
Hobart,2019,7,12.33
Hobart,2019,8,12.54
Hobart,2019,9,15.04
Hobart,2019,10,17.61
Hobart,2019,11,18.65
Hobart,2019,12,21.12
Hobart,2020,1,23.9
Hobart,2020,2,20.13
Hobart,2020,3,18.96
Hobart,2020,4,16.32
Hobart,2020,5,14.68
Hobart,2020,6,12.14
Hobart,2020,7,11.58
Hobart,2020,8,12.29
Hobart,2020,9,15.29
Hobart,2020,10,15.15
Hobart,2020,11,21.14
Hobart,2020,12,19.7
Hobart,2021,1,21.57
Hobart,2021,2,21.41
Hobart,2021,3,20.15
Hobart,2021,4,17.39
Hobart,2021,5,14.87
Hobart,2021,6,12.65
Hobart,2021,7,11.92
Hobart,2021,8,13.06
Hobart,2021,9,14.11
Hobart,2021,10,15.18
Hobart,2021,11,17.69
Hobart,2021,12,20.79
Hobart,2022,1,21.62
Hobart,2022,2,21.9
Hobart,2022,3,20.43
Hobart,2022,4,18.1
Hobart,2022,5,14.56
Hobart,2022,6,11.47
Hobart,2022,7,11.93
Hobart,2022,8,13.51
Hobart,2022,9,14.39
Hobart,2022,10,16.08
Hobart,2022,11,17.2
Hobart,2022,12,19.19
Hobart,2023,1,22.82
Hobart,2023,2,22.05
Hobart,2023,3,19.29
Hobart,2023,4,17.62
Hobart,2023,5,13.99
Hobart,2023,6,12.86
Hobart,2023,7,13.64
Hobart,2023,8,13.94
Hobart,2023,9,16.69
Hobart,2023,10,16.65
Hobart,2023,11,18.29
Hobart,2023,12,20.81
Hobart,2024,1,22.43
Hobart,2024,2,23.82
Hobart,2024,3,21.36
Hobart,2024,4,17.27
Hobart,2024,5,14.82
Hobart,2024,6,11.81
Hobart,2024,7,11.81
Hobart,2024,8,14.41
Hobart,2024,9,14.37
Hobart,2024,10,17.62
Hobart,2024,11,19.82
Hobart,2024,12,21.91
